resid,mean_if,pct_disallowed,n_frames
33,0.9999999999968708,100.0,1
40,0.8139222983913176,100.0,1
20,0.5074270099335598,100.0,1
12,0.5034790975457568,100.0,1
62,0.5569717837812497,100.0,1
36,0.2645175377505987,100.0,1
35,0.19975864693524817,100.0,1
34,0.1861766603071591,100.0,1
54,0.19509467816250092,100.0,1
32,0.21839429964181348,100.0,1
74,0.18362856369473274,100.0,1
21,0.1790392374779502,100.0,1
10,0.18120273741056903,100.0,1
13,0.16072977985641512,100.0,1
49,0.15455873079969784,100.0,1
48,0.15104819997807553,100.0,1
58,0.15328215674944634,100.0,1
61,0.15552719974706866,100.0,1
64,0.21653844373764994,100.0,1
60,0.16339672616313736,100.0,1
66,0.15361264315408732,100.0,1
18,0.16469792936157332,100.0,1
70,0.1216793746493399,100.0,1
16,0.09375390835471913,100.0,1
15,0.08348253863391537,100.0,1
63,0.025444692303960372,100.0,1
2,0.013172980192793693,100.0,1
52,0.0,100.0,1
9,0.00237481541820965,100.0,1
6,0.029063039264864317,100.0,1
5,0.031171099963683436,100.0,1
1,0.09367928713941817,100.0,1
50,0.1378228113296999,100.0,1
69,0.16315214054171942,100.0,1
68,0.22397403206229755,100.0,1
43,0.19097457744781232,100.0,1
39,0.15644863959172692,100.0,1
53,0.16694366851284342,100.0,1
17,0.2712466971099785,100.0,1
73,0.2991377410282944,100.0,1
11,0.3132542140642872,100.0,1
19,0.41370378782029626,100.0,1
31,0.4115652018425508,100.0,1
42,0.4353550833969918,100.0,1
3,0.5928646548035408,100.0,1
41,0.7057140752185671,100.0,1
29,0.8979435245105063,0.0,1
37,0.5064950011301603,0.0,1
46,0.4634113099734309,0.0,1
27,0.5013983409634054,0.0,1
4,0.5056434917554437,0.0,1
22,0.4839160627761539,0.0,1
8,0.3484822629674393,0.0,1
65,0.31493445950551163,0.0,1
26,0.2609905456048863,0.0,1
45,0.210439026255189,0.0,1
25,0.21162984826463133,0.0,1
14,0.2582775036885089,0.0,1
55,0.29022888124990537,0.0,1
24,0.3676477983239209,0.0,1
59,0.26429005102182734,0.0,1
71,0.21900741054469952,0.0,1
38,0.17563971453536914,0.0,1
67,0.14882244064449776,0.0,1
23,0.1474645914984518,0.0,1
44,0.1729663889824811,0.0,1
30,0.28707683255823907,0.0,1
7,0.3115544968737015,0.0,1
57,0.2889505439004689,0.0,1
72,0.3173050872480178,0.0,1
51,0.307643929134249,0.0,1
28,0.3805940479941697,0.0,1
47,0.6094105090923636,0.0,1
56,0.7743979716434712,0.0,1
