resid,mean_if,pct_disallowed,n_frames
45,0.01031029117866833,100.0,1
74,-0.00013932825917117864,100.0,1
73,-0.012692504105898728,100.0,1
44,-0.01321041176884552,100.0,1
8,-0.029174277241976854,100.0,1
33,-0.031076889667878804,100.0,1
62,-0.03164154831747279,100.0,1
58,-0.03315390638697646,100.0,1
6,-0.11918227624543454,100.0,1
72,-0.025052199724053592,0.0,1
32,-0.030562641330320828,0.0,1
29,-0.07116061291945264,0.0,1
56,-0.07810827834532008,0.0,1
15,-0.08222598014861904,0.0,1
50,-0.08940314708874575,0.0,1
46,-0.0975584557286917,0.0,1
19,-0.10003040853227807,0.0,1
31,-0.11349872401885186,0.0,1
11,-0.11551913477098485,0.0,1
39,-0.11665896117677588,0.0,1
43,-0.12061000764371077,0.0,1
3,-0.12298787075398165,0.0,1
66,-0.123784925665957,0.0,1
1,-0.12515872082512858,0.0,1
59,-0.12516388539840384,0.0,1
41,-0.13593882674763502,0.0,1
36,-0.13638468353978211,0.0,1
54,-0.14345478070252238,0.0,1
10,-0.14549294920079903,0.0,1
57,-0.1456557056089799,0.0,1
9,-0.14669209330288602,0.0,1
68,-0.148310183375357,0.0,1
40,-0.1517963207572932,0.0,1
5,-0.15442112347112746,0.0,1
23,-0.1550944980413515,0.0,1
61,-0.15528852348737326,0.0,1
52,-0.1589231868294403,0.0,1
13,-0.16133497889184328,0.0,1
69,-0.16346193508441892,0.0,1
4,-0.16528892779861493,0.0,1
34,-0.16608449991825774,0.0,1
70,-0.1666479175635312,0.0,1
21,-0.16674935790129652,0.0,1
63,-0.16979411259499516,0.0,1
0,-0.17007808475238217,0.0,1
47,-0.17181931295612418,0.0,1
16,-0.17404417173091202,0.0,1
14,-0.17601601942341544,0.0,1
42,-0.1783426545481953,0.0,1
64,-0.18011532150136633,0.0,1
17,-0.1806768073302849,0.0,1
2,-0.18229635426747565,0.0,1
20,-0.18280364258377402,0.0,1
38,-0.18554401292877004,0.0,1
26,-0.1863253954749251,0.0,1
53,-0.18838005586925177,0.0,1
25,-0.19070947659553222,0.0,1
51,-0.19080191156995602,0.0,1
30,-0.1916204389465812,0.0,1
18,-0.19194602500665803,0.0,1
35,-0.19228821682913672,0.0,1
48,-0.1946364376222915,0.0,1
22,-0.19671900708365536,0.0,1
55,-0.19715511878105246,0.0,1
65,-0.19762093164229722,0.0,1
67,-0.1985769714827479,0.0,1
27,-0.20007074303262878,0.0,1
49,-0.2006577820823568,0.0,1
71,-0.20483612632598358,0.0,1
7,-0.20490609412174177,0.0,1
24,-0.20574246424715947,0.0,1
60,-0.20596588897743778,0.0,1
37,-0.20613607027947578,0.0,1
12,-0.2151955357737947,0.0,1
28,-0.21855534254279674,0.0,1
