resid,mean_if,pct_disallowed,n_frames
73,-0.0006110725857091381,100.0,1
74,-0.003369349494358076,100.0,1
33,-0.035871023383993283,100.0,1
45,-0.04144673999941695,100.0,1
58,-0.050279274953720865,100.0,1
8,-0.050708957016373346,100.0,1
44,-0.056493546845022946,100.0,1
62,-0.05914887075233588,100.0,1
2,-0.07500798109079265,100.0,1
53,-0.11687067684379004,100.0,1
61,-0.15397438357031612,100.0,1
47,-0.17097430359286553,100.0,1
72,0.04521937134247511,0.0,1
32,-0.06344304171117243,0.0,1
52,-0.06540139394898503,0.0,1
63,-0.07880450407455819,0.0,1
68,-0.10236249558021104,0.0,1
15,-0.10465172286152691,0.0,1
46,-0.10776094667483016,0.0,1
60,-0.11482389965547213,0.0,1
25,-0.11564814698385317,0.0,1
1,-0.12366021543439554,0.0,1
59,-0.1284779703785176,0.0,1
9,-0.13177161242115265,0.0,1
28,-0.13231923590861283,0.0,1
64,-0.1346758297703491,0.0,1
50,-0.13535652563449518,0.0,1
43,-0.1355716652218184,0.0,1
27,-0.15108181147339944,0.0,1
57,-0.15314454092702706,0.0,1
17,-0.1606121183537485,0.0,1
38,-0.16603517293914966,0.0,1
70,-0.1678576307240997,0.0,1
71,-0.16793037333877153,0.0,1
5,-0.17060579616749716,0.0,1
10,-0.17250185110817146,0.0,1
19,-0.1732362397694555,0.0,1
12,-0.17382059778805437,0.0,1
67,-0.17530752111917275,0.0,1
54,-0.1756748292779413,0.0,1
16,-0.17619399644913708,0.0,1
6,-0.1775463177815791,0.0,1
34,-0.17773162281377564,0.0,1
39,-0.17788396290154362,0.0,1
31,-0.18013427342278177,0.0,1
13,-0.18056827651907448,0.0,1
3,-0.18079727492823816,0.0,1
49,-0.18303723156657997,0.0,1
42,-0.18440921796876486,0.0,1
4,-0.18617326208783186,0.0,1
40,-0.19160888261580888,0.0,1
69,-0.19179547653375884,0.0,1
65,-0.1920609997038018,0.0,1
48,-0.19332160423800093,0.0,1
51,-0.19389107313103293,0.0,1
20,-0.1946016762219256,0.0,1
21,-0.19591815208936297,0.0,1
23,-0.1960073305940196,0.0,1
55,-0.19776176405733897,0.0,1
11,-0.19797475648758833,0.0,1
36,-0.19862443733262447,0.0,1
35,-0.20073401683987002,0.0,1
24,-0.20273140838090908,0.0,1
37,-0.20448131182945412,0.0,1
30,-0.20516335340892838,0.0,1
41,-0.20553422203824473,0.0,1
18,-0.20591942597982865,0.0,1
7,-0.207568555845217,0.0,1
26,-0.21307909004982578,0.0,1
0,-0.21399287749821566,0.0,1
29,-0.21525724179551703,0.0,1
14,-0.21621568024664772,0.0,1
22,-0.2177760083356639,0.0,1
56,-0.2191274841209333,0.0,1
66,-0.22140286882031074,0.0,1
