start,end,deep_recon_error,anomaly_score,cluster,cluster_size
74,114,0.20953046,0.8337118330513702,-1,48
92,132,0.19041358,0.783572525589036,-1,48
86,126,0.15055,0.7467685334878599,-1,48
96,136,0.18140343,0.7437036958682579,-1,48
78,118,0.16969857,0.7398270494768171,-1,48
88,128,0.146621,0.7105020586783839,-1,48
76,116,0.12334189,0.6617347276262266,-1,48
84,124,0.116245836,0.6605353384315878,-1,48
82,122,0.2685006,0.5984126984106934,3,4
130,170,0.16055045,0.4187356210562662,0,6
