resid,resname,hotspot_score
36,UNK,490.1764338074005
62,UNK,489.57187993150245
35,UNK,489.3823470480652
64,UNK,488.5296070563881
20,UNK,488.3973523033044
48,UNK,488.0153563421478
21,UNK,487.53647844770603
60,UNK,487.4489086823296
33,UNK,486.4735401284813
49,UNK,484.36160826249545
10,UNK,477.18040097192556
66,UNK,475.79175932488187
40,UNK,474.8319974935174
61,UNK,474.6648790950253
6,UNK,474.52848749441523
58,UNK,474.2236220947863
54,UNK,466.3036212194429
34,UNK,459.3947653990999
71,UNK,446.6702119113272
74,UNK,440.5650245550651
19,UNK,437.37802633466885
9,UNK,435.7479713865443
8,UNK,434.55841914674636
70,UNK,432.06802505712244
1,UNK,427.24944731278583
5,UNK,424.8488341775522
17,UNK,413.98148244465676
53,UNK,399.8023246510529
46,UNK,397.2054863815415
52,UNK,396.04959112726846
39,UNK,394.7146417401764
72,UNK,382.3528912004245
73,UNK,377.9338516181822
32,UNK,377.14668658442844
68,UNK,374.26254321156955
13,UNK,373.9368602713775
50,UNK,368.98294561638966
2,UNK,362.82561003612545
63,UNK,357.07431706668666
12,UNK,334.9331960570227
18,UNK,331.7463587978129
42,UNK,322.0824121423297
11,UNK,321.1171746072976
16,UNK,305.7190165984756
15,UNK,295.3637689001927
65,UNK,291.64505696209216
38,UNK,288.45171668001956
69,UNK,284.64242728435596
47,UNK,271.75498188225725
3,UNK,260.5839390098368
67,UNK,241.0580535245519
37,UNK,231.10626287741638
7,UNK,222.90492833703416
41,UNK,218.82556931631257
43,UNK,205.76248819224273
28,UNK,203.02852839371917
51,UNK,202.30575605332808
14,UNK,194.23118725722375
44,UNK,184.3461785336666
31,UNK,183.41189641682442
57,UNK,169.81267609511335
56,UNK,153.17560420366672
4,UNK,140.6436416787034
45,UNK,137.2954580014116
29,UNK,128.47436206865095
24,UNK,117.04191024785463
22,UNK,114.75398420718473
30,UNK,89.52774469216958
23,UNK,77.95349195670624
59,UNK,75.48070442212634
27,UNK,74.36025220236883
55,UNK,52.27649139585905
25,UNK,50.078914733148956
26,UNK,46.84885249595207
0,UNK,0.0
75,UNK,0.0
