resid,resname,instability_index
48,UNK,2442.182640280861
36,UNK,2442.182640280861
35,UNK,2442.182640280861
62,UNK,2442.182640280861
21,UNK,2442.182640280861
20,UNK,2435.1855987941435
64,UNK,2428.4488953755476
60,UNK,2410.2685493617328
10,UNK,2401.957715349648
33,UNK,2397.044075511521
6,UNK,2380.056373172268
58,UNK,2376.674640544514
61,UNK,2359.474794543877
40,UNK,2354.5894267675294
66,UNK,2337.332749528008
49,UNK,2324.9029266221464
54,UNK,2307.9393549529436
9,UNK,2240.3052018305148
34,UNK,2231.206969690716
70,UNK,2219.5240790789303
74,UNK,2212.2046511968224
8,UNK,2199.3520933776704
19,UNK,2170.114357429165
71,UNK,2159.308606094271
17,UNK,2141.0669705381124
1,UNK,2127.1909279686015
72,UNK,2068.6976641697297
5,UNK,2057.697028605964
53,UNK,2043.0468028437383
73,UNK,2016.770617130103
39,UNK,1958.9486974139888
50,UNK,1926.8767346317934
46,UNK,1924.8215134914649
63,UNK,1897.7250803043262
32,UNK,1892.2973966188486
2,UNK,1844.3314177436769
13,UNK,1837.7790377738302
52,UNK,1836.9154298145095
68,UNK,1748.857327052761
11,UNK,1733.2293875968655
18,UNK,1625.1118157722092
15,UNK,1596.591874562089
42,UNK,1588.555709054649
16,UNK,1577.8099829542416
65,UNK,1518.9154125133414
12,UNK,1499.3107577674486
69,UNK,1446.9306268177704
3,UNK,1374.865488894162
67,UNK,1361.742884321648
47,UNK,1352.5273408314547
38,UNK,1347.0795177110545
37,UNK,1160.456693084704
41,UNK,1154.5892796631324
7,UNK,1118.6259371225265
31,UNK,968.4348057275242
14,UNK,949.6826757309271
51,UNK,853.979116093079
28,UNK,851.3090261795155
56,UNK,834.9774183488432
45,UNK,777.860515634866
57,UNK,763.4853731447108
43,UNK,732.1421440585649
4,UNK,708.5622573986736
44,UNK,682.255608861854
22,UNK,570.5140712826413
29,UNK,568.3210567846439
24,UNK,562.5696868285195
59,UNK,547.9977947887504
27,UNK,439.2352960773822
23,UNK,432.7112850627512
30,UNK,402.1259820035599
55,UNK,305.5437667553127
25,UNK,186.83341966442018
26,UNK,183.66168389109632
0,UNK,0.0
75,UNK,0.0
