resid,mean_if,pct_disallowed,n_frames
74,0.010774402460544952,100.0,1
58,-0.00014560003325059245,100.0,1
44,-0.009188935210179827,100.0,1
45,-0.01754179488162777,100.0,1
62,-0.03203263028558634,100.0,1
8,-0.03328383767318499,100.0,1
33,-0.03645832549289618,100.0,1
73,-0.046507124014674606,100.0,1
68,-0.0969022728523401,100.0,1
32,-0.04401132739435776,0.0,1
30,-0.044597828998694355,0.0,1
31,-0.05004421954898697,0.0,1
59,-0.08478038422820022,0.0,1
61,-0.08929609651245785,0.0,1
41,-0.0899946347573114,0.0,1
64,-0.09896146626958158,0.0,1
16,-0.10583485937408554,0.0,1
50,-0.11716392404858189,0.0,1
15,-0.12306874776284693,0.0,1
11,-0.12440422547001473,0.0,1
52,-0.1280305176809512,0.0,1
72,-0.13875803353158478,0.0,1
13,-0.14541571915130774,0.0,1
60,-0.14738082463798774,0.0,1
18,-0.1474653438292331,0.0,1
43,-0.14773487186608047,0.0,1
34,-0.1497260752640432,0.0,1
6,-0.16222666788519796,0.0,1
3,-0.16264114774033822,0.0,1
1,-0.16398652378198864,0.0,1
63,-0.16543092026173145,0.0,1
46,-0.16998046403824024,0.0,1
35,-0.17095120971957367,0.0,1
38,-0.17629076335785943,0.0,1
14,-0.18006715484659153,0.0,1
26,-0.18611583925134972,0.0,1
54,-0.1866759117213102,0.0,1
36,-0.18957186558444927,0.0,1
40,-0.1898103905950052,0.0,1
57,-0.19153751400458668,0.0,1
25,-0.19178260456756613,0.0,1
19,-0.19403759864980602,0.0,1
53,-0.1952560956065788,0.0,1
55,-0.19618912312822578,0.0,1
7,-0.19620129831017807,0.0,1
12,-0.19644933825978889,0.0,1
39,-0.19873674398866203,0.0,1
42,-0.20497519919154,0.0,1
70,-0.20631996161468358,0.0,1
21,-0.20725147856113374,0.0,1
56,-0.20883855858633987,0.0,1
49,-0.2088414387234298,0.0,1
67,-0.20949491649443436,0.0,1
48,-0.20950017910672925,0.0,1
51,-0.21008893539903012,0.0,1
20,-0.2110508054102888,0.0,1
65,-0.21153809627508546,0.0,1
5,-0.2116105258882875,0.0,1
9,-0.21189867881197538,0.0,1
0,-0.21234783006753222,0.0,1
17,-0.21237088473154903,0.0,1
28,-0.21257195572058118,0.0,1
71,-0.21351950112978135,0.0,1
22,-0.21359799952752268,0.0,1
37,-0.21456873135441495,0.0,1
69,-0.21521980865658502,0.0,1
27,-0.2155978477975828,0.0,1
10,-0.21571384016930806,0.0,1
66,-0.2168021887881541,0.0,1
29,-0.21768413435243422,0.0,1
24,-0.21780661607522317,0.0,1
2,-0.21781851826684456,0.0,1
23,-0.21835303511189524,0.0,1
4,-0.2201936534026525,0.0,1
47,-0.22345672009387074,0.0,1
